settlement_id,payment_id,order_id,amount,fee,gst_on_fee,net_amount,settled_at,status,utr
setl_001,pay_001,ord_001,24500.00,441.00,79.38,23979.62,2024-01-02 11:00:00,processed,
setl_002,pay_002,ord_002,31200.00,561.60,101.09,30537.31,2024-01-03 13:00:00,processed,UTRK9Q1UL0B
setl_003,pay_003,ord_003,125000.00,2250.00,405.00,122345.00,2024-01-04 03:00:00,processed,RTGSWCXVS27E
setl_004,pay_004,ord_004,18900.00,340.20,61.24,18498.56,2024-01-04 21:00:00,processed,
setl_005,pay_005,ord_005,42100.00,757.80,136.40,41205.80,2024-01-05 11:00:00,processed,
setl_006,pay_006,ord_006,38900.00,700.20,126.04,38073.76,2024-01-06 01:00:00,processed,UTRNLQSZZ1N
setl_007,pay_007,ord_007,9800.00,176.40,31.75,9591.85,2024-01-07 03:00:00,processed,
setl_008,pay_008,ord_008,27300.00,491.40,88.45,26720.15,2024-01-07 21:00:00,processed,
setl_009,pay_009,ord_009,95000.00,1710.00,307.80,92982.20,2024-01-08 19:00:00,processed,RTGS3PH5TFZ7
setl_010,pay_010,ord_010,22100.00,397.80,71.60,21630.60,2024-01-09 13:00:00,processed,UTRWBLSAPEF
setl_011,pay_011,ord_011,48900.00,880.20,158.44,47861.36,2024-01-10 15:00:00,processed,
setl_012,pay_012,ord_012,16500.00,297.00,53.46,16149.54,2024-01-11 09:00:00,processed,
setl_013,pay_013,ord_013,53400.00,961.20,173.02,52265.78,2024-01-12 03:00:00,processed,UTR5AYTCCWC
setl_014,pay_014,ord_014,14200.00,255.60,46.01,13898.39,2024-01-13 01:00:00,processed,
setl_015,pay_015,ord_015,62300.00,1121.40,201.85,60976.75,2024-01-13 15:00:00,processed,UTRWM2YJZPE
setl_016,pay_016,ord_016,25000.00,450.00,81.00,24469.00,2024-01-14 09:00:00,processed,UTRXYQ1CYDQ
setl_016,pay_017,ord_017,12000.00,216.00,38.88,11745.12,2024-01-14 09:00:00,processed,UTRXYQ1CYDQ
setl_016,pay_018,ord_018,8000.00,144.00,25.92,7830.08,2024-01-14 09:00:00,processed,UTRXYQ1CYDQ
setl_016,pay_019,ord_019,3500.00,63.00,11.34,3425.66,2024-01-14 09:00:00,processed,UTRXYQ1CYDQ
setl_016,pay_020,ord_020,1200.00,21.60,3.89,1174.51,2024-01-14 09:00:00,processed,UTRXYQ1CYDQ
setl_017,pay_021,ord_021,40000.00,720.00,129.60,39150.40,2024-01-15 07:00:00,processed,UTRAV4RJMDX
setl_017,pay_022,ord_022,20000.00,360.00,64.80,19575.20,2024-01-15 07:00:00,processed,UTRAV4RJMDX
setl_017,pay_023,ord_023,8000.00,144.00,25.92,7830.08,2024-01-15 07:00:00,processed,UTRAV4RJMDX
setl_018,pay_024,ord_024,50000.00,900.00,162.00,48938.00,2024-01-16 09:00:00,processed,UTRW32JD4Q5
setl_018,pay_025,ord_025,35000.00,630.00,113.40,34256.60,2024-01-16 09:00:00,processed,UTRW32JD4Q5
setl_019,pay_026,ord_026,30000.00,540.00,97.20,29362.80,2024-01-16 23:00:00,processed,UTRX4SXF2YF
setl_019,pay_027,ord_027,15000.00,270.00,48.60,14681.40,2024-01-16 23:00:00,processed,UTRX4SXF2YF
setl_019,pay_028,ord_028,7000.00,126.00,22.68,6851.32,2024-01-16 23:00:00,processed,UTRX4SXF2YF
setl_020,pay_029,ord_029,30000.00,540.00,97.20,29362.80,2024-01-18 01:00:00,processed,
setl_020,pay_030,ord_030,25000.00,450.00,81.00,24469.00,2024-01-18 01:00:00,processed,
setl_021,pay_031,ord_031,21000.00,378.00,68.04,20553.96,2024-01-18 15:00:00,processed,
setl_021,pay_032,ord_032,11500.00,207.00,37.26,11255.74,2024-01-18 15:00:00,processed,
setl_021,pay_033,ord_033,4300.00,77.40,13.93,4208.67,2024-01-18 15:00:00,processed,
setl_022,pay_034,ord_034,50000.00,900.00,162.00,48938.00,2024-01-19 13:00:00,processed,UTR1Z7QS613
setl_022,pay_035,ord_035,25000.00,450.00,81.00,24469.00,2024-01-19 13:00:00,processed,UTR1Z7QS613
setl_022,pay_036,ord_036,15000.00,270.00,48.60,14681.40,2024-01-19 13:00:00,processed,UTR1Z7QS613
setl_023,pay_037,ord_037,18500.00,333.00,59.94,18107.06,2024-01-20 15:00:00,processed,UTR954RXL6E
setl_024,pay_038,ord_038,22000.00,396.00,71.28,21532.72,2024-01-21 13:00:00,processed,UTRZDNC7765
setl_025,pay_039,ord_039,33000.00,594.00,106.92,32299.08,2024-01-22 11:00:00,processed,UTRD209BPJ2
setl_026,pay_040,ord_040,17650.00,317.70,57.19,17275.11,2024-01-23 09:00:00,processed,UTR3TFC09CL
setl_027,pay_041,ord_041,64000.00,1152.00,207.36,62640.64,2024-01-24 11:00:00,processed,UTRX8KFUES5
setl_028,pay_042,ord_042,47600.00,856.80,154.22,46588.98,2024-01-25 01:00:00,processed,UTRH7S3110U
setl_028,pay_043,ord_043,12400.00,223.20,40.18,12136.62,2024-01-25 01:00:00,processed,UTRH7S3110U
setl_029,pay_044,ord_044,0.00,0.00,0.00,0.00,2024-01-26 03:00:00,processed,UTRXVGHRSSP
setl_030,pay_045,ord_045,-2000.00,-36.00,-6.48,-1957.52,2024-01-26 21:00:00,refunded,UTRH4VJTUAT
setl_030,pay_046,ord_046,-300.00,-5.40,-0.97,-293.63,2024-01-26 21:00:00,refunded,UTRH4VJTUAT
setl_031,pay_047,ord_047,19000.00,342.00,61.56,18596.44,2024-01-27 15:00:00,processed,
setl_031,pay_048,ord_048,6000.00,108.00,19.44,5872.56,2024-01-27 15:00:00,processed,
setl_032,pay_049,ord_049,19000.00,342.00,61.56,18596.44,2024-01-27 18:00:00,processed,
setl_032,pay_050,ord_050,6000.00,108.00,19.44,5872.56,2024-01-27 18:00:00,processed,
setl_033,pay_051,ord_051,19000.00,342.00,61.56,18596.44,2024-01-27 21:00:00,processed,
setl_033,pay_052,ord_052,6000.00,108.00,19.44,5872.56,2024-01-27 21:00:00,processed,
setl_034,pay_053,ord_053,28750.00,517.50,93.15,28139.35,2024-01-30 17:00:00,processed,
